Source,Content,Subreddit,Author,Score,Num_Comments,Created_At
Reddit,[World] - Two earthquakes in Tibet: Above 4.0 magnitude quakes within 5 hours jolt region; heavy rainfall leads to flooding | Times of India,AutoNewspaper,AutoNewspaperAdmin,1,0,2025-07-30 04:28:33
Reddit,[World] - Two earthquakes in Tibet: Above 4.0 magnitude quakes within 5 hours jolt region; heavy rainfall leads to flooding,TIMESINDIAauto,AutoNewsAdmin,1,0,2025-07-30 04:15:33
Reddit,"July 14, 2025 | Extreme Weather Events & Natural Phenomena Worldwide",CrazyFreakingWeather,Some-Yoghurt-7629,2743,36,2025-07-16 16:10:48
Reddit,"July 16, 2025 | Extreme Weather Events & Natural Phenomena Worldwide",CrazyFreakingWeather,Some-Yoghurt-7629,2321,20,2025-07-18 16:48:46
Reddit,"August 2, 2025 | Extreme Weather Events & Natural Phenomena Worldwide",CrazyFreakingWeather,Some-Yoghurt-7629,1471,19,2025-08-04 14:58:17
Reddit,"July 30, 2025 | Extreme Weather Events & Natural Phenomena Worldwide",CrazyFreakingWeather,Some-Yoghurt-7629,1234,16,2025-08-01 15:57:01
Reddit,"August 3, 2025 | Extreme Weather Events & Natural Phenomena Worldwide",CrazyFreakingWeather,Some-Yoghurt-7629,1055,14,2025-08-05 15:47:37
Reddit,"July 20, 2025 | Extreme Weather Events & Natural Phenomena Worldwide",CrazyFreakingWeather,Some-Yoghurt-7629,1094,9,2025-07-22 17:26:15
Reddit,"July 24, 2025 | Extreme Weather Events & Natural Phenomena Worldwide",CrazyFreakingWeather,Some-Yoghurt-7629,935,5,2025-07-26 15:29:08
Reddit,"July 29, 2025 | Extreme Weather Events & Natural Phenomena Worldwide",CrazyFreakingWeather,Some-Yoghurt-7629,801,5,2025-07-31 15:58:39
Reddit,"Undeniable!! Mars within 30 degrees of the Lunar Node and its Statistical and Causal links across five different domains (Dow Jones Declines, Mass Casualty Events, Floods, Mass Casualty Violence, and Wars). Denying at this point could be indicative of mental illness",TrueAnon,thedowcast,186,41,2025-09-02 10:37:01
Reddit,"August 4, 2025 | Extreme Weather Events & Natural Phenomena Worldwide",CrazyFreakingWeather,Some-Yoghurt-7629,705,4,2025-08-06 15:55:49
Reddit,"August 12, 2025 | Extreme Weather Events & Natural Phenomena Worldwide",CrazyFreakingWeather,Some-Yoghurt-7629,494,5,2025-08-14 16:41:57
Reddit,"August 24, 2025 | Extreme Weather Events & Natural Phenomena Worldwide",CrazyFreakingWeather,Some-Yoghurt-7629,320,8,2025-08-26 17:10:35
Reddit,"August 10, 2025 | Extreme Weather Events & Natural Phenomena Worldwide",CrazyFreakingWeather,Some-Yoghurt-7629,390,2,2025-08-12 16:47:34
Reddit,"July 9, 2025 | Extreme Weather Events & Natural Phenomena Worldwide",CrazyFreakingWeather,Some-Yoghurt-7629,377,4,2025-07-11 17:24:23
Reddit,"September 13, 2025 | Extreme Weather Events & Natural Phenomena Worldwide",CrazyFreakingWeather,Some-Yoghurt-7629,232,4,2025-09-15 16:44:22
Reddit,Response to a different post,CapitalismVSocialism,ipsum629,6,62,2025-04-12 15:33:04
Reddit,"Last Week in Collapse: July 27-August 2, 2025",collapse,LastWeekInCollapse,147,13,2025-08-03 05:08:44
Reddit,"September 13, 2025 | Extreme Weather Events & Natural Phenomena Worldwide",WeatherGifs,Some-Yoghurt-7629,160,4,2025-09-15 16:45:03
Reddit,"August 26, 2025 | Extreme Weather Events & Natural Phenomena Worldwide",CrazyFreakingWeather,Some-Yoghurt-7629,210,2,2025-08-29 16:57:37
Reddit,"Last Week in Collapse: June 1-7, 2025",collapse,LastWeekInCollapse,168,17,2025-06-08 06:00:10
Reddit,"Last Week in Collapse: August 3-9, 2025",collapse,LastWeekInCollapse,130,11,2025-08-10 06:00:09
Reddit,"September 14, 2025 | Extreme Weather Events & Natural Phenomena Worldwide",WeatherGifs,Some-Yoghurt-7629,52,13,2025-09-16 16:23:43
Reddit,"Last Week in Collapse: April 21-27, 2024",collapse,LastWeekInCollapse,443,33,2024-04-28 08:18:29
Reddit,"August 31, 2025 | Extreme Weather Events & Natural Phenomena Worldwide",CrazyFreakingWeather,Some-Yoghurt-7629,154,4,2025-09-02 15:58:20
Reddit,"Last Week in Collapse: June 16-22, 2024",collapse,LastWeekInCollapse,345,36,2024-06-23 09:10:31
Reddit,"Last Week in Collapse: June 23-29, 2024",collapse,LastWeekInCollapse,310,37,2024-06-30 09:38:34
Reddit,"June 30, 2025 | Extreme Weather Events & Natural Phenomena Worldwide",CrazyFreakingWeather,Some-Yoghurt-7629,211,5,2025-07-02 16:28:48
Reddit,A beaver dam in British Columbia showing its ability to hold back sediment pollution during heavy rainfall,Damnthatsinteresting,Mictlan_Dark4984,68599,485,2025-03-11 16:06:32
Reddit,"Undeniable!! Mars within 30 degrees of the Lunar Node and its Statistical and Causal links across five different domains (Dow Jones Declines, Mass Casualty Events, Floods, Mass Casualty Violence, and Wars). Denying at this point could be indicative of mental illness",ufo,thedowcast,0,14,2025-09-02 10:58:32
Reddit,"Last Week in Collapse: May 25-31, 2025",collapse,LastWeekInCollapse,188,6,2025-06-01 05:10:05
Reddit,"September 1, 2025 | Extreme Weather Events & Natural Phenomena Worldwide",CrazyFreakingWeather,Some-Yoghurt-7629,105,1,2025-09-03 15:54:28
Reddit,"Last Week in Collapse: August 4-10, 2024",collapse,LastWeekInCollapse,281,27,2024-08-11 10:16:40
Reddit,"September 14, 2025 | Extreme Weather Events & Natural Phenomena Worldwide",CrazyFreakingWeather,Some-Yoghurt-7629,85,1,2025-09-16 16:24:21
Reddit,"September 13, 2025 | Climate disasters around the world in 1 day!",UnderReportedNews,Some-Yoghurt-7629,46,4,2025-09-15 16:50:02
Reddit,"Last Week in Collapse: December 15-21, 2024",collapse,LastWeekInCollapse,231,15,2024-12-22 06:33:27
Reddit,"September 24, 2025 | Extreme Weather Events & Natural Phenomena Worldwide",CrazyFreakingWeather,Some-Yoghurt-7629,48,1,2025-09-27 16:19:59
Reddit,"Undeniable!! Mars within 30 degrees of the Lunar Node and its Statistical and Causal links across five different domains (Dow Jones Declines, Mass Casualty Events, Floods, Mass Casualty Violence, and Wars). Denying at this point could be indicative of mental illness",AnomalousEvidence,thedowcast,0,9,2025-09-02 10:38:32
Reddit,"Last Week in Collapse: April 28-May 4, 2024",collapse,LastWeekInCollapse,305,29,2024-05-05 06:58:31
Reddit,"A rare but important read, the less known Wooden Temples of Ramban, how locals are renovating them and the support they need, we should visit and support our heritage.",jammu,berzerker_x,16,4,2025-09-20 01:19:57
Reddit,"August 24, 2025 | Extreme Weather Events & Natural Phenomena Worldwide",u_Some-Yoghurt-7629,Some-Yoghurt-7629,2,8,2025-08-26 17:22:06
Reddit,"Last Week in Collapse: April 9-15, 2023",collapse,LastWeekInCollapse,407,38,2023-04-16 12:34:42
Reddit,"September 14, 2025 | Extreme Weather Events & Natural Phenomena Worldwide",u_Some-Yoghurt-7629,Some-Yoghurt-7629,2,4,2025-09-16 15:47:52
Reddit,"September 24, 2025 | Extreme Weather Events & Natural Phenomena Worldwide",ClimateNews,Some-Yoghurt-7629,3,2,2025-09-27 16:20:56
Reddit,"September 24, 2025 | Extreme Weather Events & Natural Phenomena Worldwide",WeatherGifs,Some-Yoghurt-7629,25,0,2025-09-27 16:20:27
Reddit,The oldest megaliths use the biggest stones?,AlternativeHistory,Yardcigar69,154,96,2022-08-06 13:55:50
Reddit,"Dad dug a drainage ditch towards a depression in our yard. After a rainfall, this perfect rectangle formed.",mildyinteresting,Hi-MetalAlien,10021,627,2025-01-14 15:55:51
Reddit,"Last Week in Collapse: November 26-December 2, 2023",collapse,LastWeekInCollapse,279,37,2023-12-03 05:13:15
Reddit,"September 24, 2025 | Extreme Weather Events & Natural Phenomena Worldwide",Disastro,Some-Yoghurt-7629,13,0,2025-09-27 16:10:24
Reddit,"September 13, 2025 | Extreme Weather Events & Natural Phenomena Worldwide",Disastro,Some-Yoghurt-7629,22,0,2025-09-15 16:29:52
Reddit,"Undeniable!! Mars within 30 degrees of the Lunar Node and its Statistical and Causal links across five different domains (Dow Jones Declines, Mass Casualty Events, Floods, Mass Casualty Violence, and Wars). Denying at this point could be indicative of mental illness",ScienceNcoolThings,thedowcast,0,4,2025-09-02 10:41:53
Reddit,"How did the people from Malta get drinking water in ancient times, considering it has no permanent freshwater streams and scarce rainfalls?",geography,Free_Box5241,31787,805,2024-08-16 04:17:18
Reddit,"As people of the Himalayan states, it is essential to understand critical environmental and climate concepts to better adapt and protect our region:",Uttarakhand,Glad_Ad_5795,10,1,2025-09-16 06:03:01
Reddit,"September 24, 2025 | Climate disasters around the world in 1 day!",UnderReportedNews,Some-Yoghurt-7629,3,0,2025-09-27 16:22:24
Reddit,"September 24, 2025 | Extreme Weather Events & Natural Phenomena Worldwide",u_Some-Yoghurt-7629,Some-Yoghurt-7629,3,0,2025-09-27 16:16:45
Reddit,Emergency Go-Bag,PHpreppers,ChodriPableo,8,0,2025-09-24 17:08:36
Reddit,"September 24, 2025 | Climate disasters around the world in 1 day!",CreativeSociety4all,Some-Yoghurt-7629,1,0,2025-09-27 16:05:02
Reddit,"September 13, 2025 | Extreme Weather Events & Natural Phenomena Worldwide",ClimateNews,Some-Yoghurt-7629,17,0,2025-09-15 16:45:47
Reddit,"September 14, 2025 | Extreme Weather Events & Natural Phenomena Worldwide",Disastro,Some-Yoghurt-7629,13,0,2025-09-16 15:47:06
Reddit,"August 12, 2025 | Extreme Weather Events & Natural Phenomena Worldwide",Disastro,Some-Yoghurt-7629,37,2,2025-08-14 10:06:03
Reddit,"Causal Mechanism: Mars within 30 degrees of the Lunar Node and its Statistical and Causal links to Dow Jones Declines, Mass Casualty Events, Floods, Mass Casualty Violence, and Wars",LLMPhysics,thedowcast,0,3,2025-09-02 12:44:23
Reddit,"Critical News Committee - September 3, 2025",CANUSHelp,Aquatic_Sphinx,17,1,2025-09-03 11:35:52
Reddit,"August 26, 2025 | Extreme Weather Events & Natural Phenomena Worldwide",Disastro,Some-Yoghurt-7629,24,1,2025-08-29 16:47:00
Reddit,"August 12, 2025 | Extreme Weather Events & Natural Phenomena Worldwide",ClimateNews,Some-Yoghurt-7629,35,2,2025-08-14 17:22:22
Reddit,"August 24, 2025 | Extreme Weather Events & Natural Phenomena Worldwide",ClimateNews,Some-Yoghurt-7629,36,0,2025-08-26 17:14:29
Reddit,"September 13, 2025 | Extreme Weather Events & Natural Phenomena Worldwide",world24x7hr,Some-Yoghurt-7629,11,0,2025-09-15 16:48:59
Reddit,"September 14, 2025 | Extreme Weather Events & Natural Phenomena Worldwide",ClimateNews,Some-Yoghurt-7629,4,0,2025-09-16 16:25:07
Reddit,"TIL that during Hurricane Camille in 1969, the rainfall in Virgina was so heavy that birds drowned in trees and people had to cup hands around their face to breathe. According to the weather service, it was the probable maximum rainfall which meteorologists compute to be theoretically possible.",todayilearned,calvins48,38844,680,2024-08-14 17:22:29
Reddit,"September 1, 2025 | Extreme Weather Events & Natural Phenomena Worldwide",ClimateNews,Some-Yoghurt-7629,23,0,2025-09-03 15:55:52
Reddit,"September 14, 2025 | Climate disasters around the world in 1 day!",CreativeSociety4all,Some-Yoghurt-7629,3,0,2025-09-16 15:40:19
Reddit,"August 24, 2025 | Extreme Weather Events & Natural Phenomena Worldwide",Disastro,Some-Yoghurt-7629,30,0,2025-08-26 17:06:33
Reddit,"September 14, 2025 | Extreme Weather Events & Natural Phenomena Worldwide",world24x7hr,Some-Yoghurt-7629,2,0,2025-09-16 16:22:02
Reddit,"September 1, 2025 | Extreme Weather Events & Natural Phenomena Worldwide",Disastro,Some-Yoghurt-7629,17,0,2025-09-03 15:53:39
Reddit,"September 13, 2025 | Extreme Weather Events & Natural Phenomena Worldwide",u_Some-Yoghurt-7629,Some-Yoghurt-7629,3,0,2025-09-15 16:43:32
Reddit,"September 13, 2025 | Climate disasters around the world in 1 day!",CreativeSociety4all,Some-Yoghurt-7629,3,0,2025-09-15 16:27:37
Reddit,"September 14, 2025 | Climate disasters around the world in 1 day!",UnderReportedNews,Some-Yoghurt-7629,0,0,2025-09-16 16:08:39
Reddit,"August 31, 2025 | Extreme Weather Events & Natural Phenomena Worldwide",Disastro,Some-Yoghurt-7629,18,0,2025-09-02 15:51:36
Reddit,"September 1, 2025 | Climate disasters around the world in 1 day!",CreativeSociety4all,Some-Yoghurt-7629,2,1,2025-09-03 15:47:53
Reddit,"Causal Mechanism: Mars within 30 degrees of the Lunar Node and its Statistical and Causal links to Dow Jones Declines, Mass Casualty Events, Floods, Mass Casualty Violence, and Wars",wallstreetbets_wins,thedowcast,3,1,2025-09-02 15:07:23
Reddit,"August 31, 2025 | Extreme Weather Events & Natural Phenomena Worldwide",ClimateNews,Some-Yoghurt-7629,11,0,2025-09-02 16:00:12
Reddit,"August 26, 2025 | Extreme Weather Events & Natural Phenomena Worldwide",ClimateNews,Some-Yoghurt-7629,14,0,2025-08-29 17:00:08
Reddit,"August 3, 2025 | Extreme Weather Events & Natural Phenomena Worldwide",ClimateNews,Some-Yoghurt-7629,25,2,2025-08-05 15:49:14
Reddit,"August 31, 2025 | Extreme Weather Events & Natural Phenomena Worldwide",u_Some-Yoghurt-7629,Some-Yoghurt-7629,3,0,2025-09-02 16:00:50
Reddit,"September 1, 2025 | Extreme Weather Events & Natural Phenomena Worldwide",u_Some-Yoghurt-7629,Some-Yoghurt-7629,1,0,2025-09-03 15:58:24
Reddit,"July 20, 2025 | Extreme Weather Events & Natural Phenomena Worldwide",ClimateNews,Some-Yoghurt-7629,32,2,2025-07-22 16:56:28
Reddit,"August 31, 2025 | Climate disasters around the world in 1 day!",CreativeSociety4all,Some-Yoghurt-7629,1,0,2025-09-02 15:42:09
Reddit,"July 29, 2025 | Extreme Weather Events & Natural Phenomena Worldwide",ClimateNews,Some-Yoghurt-7629,42,0,2025-07-31 15:56:37
Reddit,"In Dubai, UAE they have a weather modification program to create more rainfall called “cloud seeding”",Damnthatsinteresting,TCPisSynSynAckAck,20012,1316,2024-04-18 07:18:27
Reddit,"July 24, 2025 | Extreme Weather Events & Natural Phenomena Worldwide",ClimateNews,Some-Yoghurt-7629,36,1,2025-07-26 15:30:52
Reddit,"June 30, 2025 | Extreme Weather Events & Natural Phenomena Worldwide",abovethenormnews,Some-Yoghurt-7629,30,4,2025-07-02 17:12:11
Reddit,"August 26, 2025 | Extreme Weather Events & Natural Phenomena Worldwide",u_Some-Yoghurt-7629,Some-Yoghurt-7629,1,0,2025-08-29 16:48:59
Reddit,"August 26, 2025 | Climate disasters around the world in 1 day!",CreativeSociety4all,Some-Yoghurt-7629,1,0,2025-08-29 16:44:10
Reddit,"July 12, 2025 | Extreme Weather Events & Natural Phenomena Worldwide",Disastro,Some-Yoghurt-7629,27,3,2025-07-14 16:35:27
Reddit,"August 4, 2025 | Extreme Weather Events & Natural Phenomena Worldwide",ClimateNews,Some-Yoghurt-7629,29,0,2025-08-06 16:00:03
Reddit,"August 24, 2025 | Climate disasters around the world in 1 day!",CreativeSociety4all,Some-Yoghurt-7629,4,0,2025-08-26 10:11:18
Reddit,"August 10, 2025 | Extreme Weather Events & Natural Phenomena Worldwide",ClimateNews,Some-Yoghurt-7629,21,0,2025-08-12 17:22:04
Reddit,"August 10, 2025 | Extreme Weather Events & Natural Phenomena Worldwide",Disastro,Some-Yoghurt-7629,19,0,2025-08-12 16:49:37
Reddit,"July 24, 2025 | Extreme Weather Events & Natural Phenomena Worldwide",Disastro,Some-Yoghurt-7629,40,0,2025-07-26 15:09:07
Reddit,Vedic Weather?! Another psuedoscience,scienceisdope,Real_Scissor,12,2,2025-07-31 15:43:34
